"x","y","Width","Height","Score","Label"
"1922","1180","1627","1704",0.32748,"birdCall"
"632","1250","780","746",0.2851,"eyeball"
"1694","1250","1519","1603",0.35613,"metalKey"
"1990","1331","323","1008",0.2722,"pinkCandle"
"699","726","1197","2309",0.53901,"sign"
"175","1160","1680","474",0.31389,"blueSunglasses"
"189","817","1076","1210",0.44264,"hairClip"
"955","11","2406","1190",0.26605,"yellowBag"
