"x","y","Width","Height","Score","Label"
"1600","797","2285","2006",0.29224,"canadaPencil"
"148","948","525","847",0.30454,"cloudSign"
"3132","1029","874","756",0.37413,"eyeball"
"14","1049","1103","1119",0.34706,"metalKey"
"2742","857","1129","1059",0.35172,"redWhistle"
"646","11","1291","1835",0.49331,"sign"
"3159","1190","283","394",0.57353,"lavenderDie"
"1586","11","2460","1492",0.27323,"yellowBag"
