"x","y","Width","Height","Score","Label"
"311","1970","2116","1691",0.4211,"birdCall"
"2919","1107","748","1107",0.29053,"cloudSign"
"3503","1824","1223","767",0.2691,"eyeball"
"19","1654","2937","2007",0.51074,"pumpkinNotes"
"238","1265","2317","1897",0.26373,"trophy"
"876","2420","1770","608",0.31425,"blueSunglasses"
"949","2019","1587","1484",0.58714,"hairClip"
"894","1995","1679","1533",0.42552,"stickerBox"
