"x","y","Width","Height","Score","Label"
"1916","1399","2025","1581",0.44365,"cloudSign"
"2536","657","1569","1058",0.35088,"eyeball"
"2627","1581","584","1241",0.38643,"pinkCandle"
"1679","1314","2481","1800",0.49996,"pumpkinNotes"
"1624","341","1077","3150",0.57562,"sign"
"2043","1131","1806","584",0.32611,"blueSunglasses"
"2189","1216","1514","1520",0.28565,"hairClip"
"2153","815","1551","1752",0.36699,"stickerBox"
