"x","y","Width","Height","Score","Label"
"311","1788","2116","1873",0.43783,"birdCall"
"3083","1107","2007","2177",0.31819,"cloudSign"
"894","2445","2554","621",0.25954,"eyeball"
"3849","2372","493","1216",0.49906,"pinkCandle"
"3010","1216","2189","2445",0.5881,"sign"
"19","2408","1952","645",0.28304,"blueSunglasses"
"2518","13","2974","2250",0.61027,"yellowBag"
