"x","y","Width","Height","Score","Label"
"3211","1958","2280","1703",0.36077,"birdCall"
"110","2408","1679","1253",0.37315,"cloudSign"
"3557","1387","1934","2274",0.27085,"cupcakePaper"
"347","937","1241","1034",0.34293,"eyeball"
"3648","1764","1843","1897",0.31984,"partyFavor"
"19","1703","2299","1958",0.38076,"pumpkinNotes"
"2554","1520","1533","1387",0.37172,"hairClip"
"3083","1046","2408","2615",0.30639,"yellowBag"
