"x","y","Width","Height","Score","Label"
"1533","1250","1264","1170",0.34433,"birdCall"
"471","1331","1640","1412",0.39547,"cloudSign"
"525","1684","995","736",0.33643,"eyeball"
"1103","1472","1546","1150",0.26985,"metalKey"
"1143","1664","283","767",0.25985,"pinkCandle"
"1170","1613","1398","454",0.45158,"blueSunglasses"
"1022","1795","498","515",0.27775,"lavenderDie"
"646","1633","2433","1402",0.25609,"yellowBag"
