"x","y","Width","Height","Score","Label"
"2460","1190","1116","1271",0.2983,"birdCall"
"14","394","2635","1936",0.4634,"canadaPencil"
"2205","1392","1035","847",0.3325,"cloudSign"
"2124","1392","1183","918",0.46067,"eyeball"
"1922","1291","1613","1079",0.55239,"metalKey"
"2514","1089","1022","1946",0.39274,"sign"
"2500","1623","1076","414",0.43353,"blueSunglasses"
