"x","y","Width","Height","Score","Label"
"767","1331","1600","1704",0.30303,"birdCall"
"2460","11","1116","1502",0.37483,"cloudSign"
"1277","1926","1116","676",0.31658,"eyeball"
"874","11","1990","1291",0.2887,"metalKey"
"457","1392","511","1351",0.33394,"pinkCandle"
"1237","1785","1183","1250",0.46812,"redWhistle"
"148","585","1170","2450",0.61977,"sign"
"2487","565","1076","353",0.28049,"blueSunglasses"
"1936","1160","2111","1875",0.2911,"yellowBag"
