"x","y","Width","Height","Score","Label"
"108","313","1788","2148",0.30994,"birdCall"
"2541","595","928","1150",0.33374,"cloudSign"
"2366","464","1318","615",0.30039,"eyeball"
"1412","101","336","928",0.41003,"pinkCandle"
"310","736","1412","1744",0.27198,"pumpkinNotes"
"1801","1119","1250","958",0.50184,"redWhistle"
"14","1815","861","1220",0.3062,"sign"
"2473","394","1103","1190",0.27376,"hairClip"
"2742","958","511","424",0.43207,"lavenderDie"
