"x","y","Width","Height","Score","Label"
"1538","1406","2506","1855",0.27544,"birdCall"
"87","1590","2402","1878",0.26484,"canadaPencil"
"1020","1475","1296","1199",0.34857,"cloudSign"
"1193","841","2420","2477",0.31902,"cupcakePaper"
"363","12","4044","3456",0.53799,"paperPlate"
"726","1279","2644","2189",0.29245,"pumpkinNotes"
"3197","519","674","2950",0.26656,"sign"
"985","2005","2074","1164",0.44605,"blueSunglasses"
"2644","1129","1746","2339",0.3272,"stickerBox"
