"x","y","Width","Height","Score","Label"
"1763","738","1262","1210",0.46177,"cloudSign"
"1193","1325","1659","576",0.26777,"eyeball"
"1089","231","2627","1763",0.29721,"pumpkinNotes"
"1210","1475","1608","1233",0.65834,"redWhistle"
"1435","358","2005","1521",0.25764,"trophy"
"1798","911","1210","404",0.25989,"blueSunglasses"
"1763","669","1279","1417",0.60544,"hairClip"
