"x","y","Width","Height","Score","Label"
"1849","507","1055","1164",0.4184,"cloudSign"
"1210","208","2437","1809",0.26977,"pumpkinNotes"
"1659","1325","1331","1049",0.68956,"redWhistle"
"1953","2235","916","1233",0.30791,"sign"
"1245","196","2333","1867",0.33631,"trophy"
"1694","911","1435","369",0.28474,"blueSunglasses"
"1608","381","1625","1521",0.47941,"hairClip"
