"x","y","Width","Height","Score","Label"
"1721","1079","1439","1492",0.32134,"birdCall"
"2070","1422","686","787",0.30417,"cloudSign"
"2299","11","1748","1472",0.28268,"cupcakePaper"
"2352","1381","753","474",0.26976,"eyeball"
"2299","11","1465","1281",0.31587,"partyFavor"
"2850","11","390","817",0.25329,"pinkCandle"
"1640","1089","1573","1926",0.26657,"pumpkinNotes"
"363","1583","1304","464",0.33764,"blueSunglasses"
"1896","908","1116","1029",0.39319,"hairClip"
