"x","y","Width","Height","Score","Label"
"1277","676","1788","1412",0.45292,"birdCall"
"1734","1109","847","938",0.38237,"cloudSign"
"1479","736","1371","1754",0.27401,"cupcakePaper"
"1869","384","1707","1633",0.36738,"partyFavor"
"189","1543","471","1039",0.33395,"pinkCandle"
"1855","111","1143","1260",0.79336,"redWhistle"
"2514","656","1022","2329",0.46437,"sign"
"54","1351","1896","1684",0.37641,"silverStraw"
"1519","1230","1291","746",0.34882,"blueSunglasses"
