"x","y","Width","Height","Score","Label"
"995","756","1775","1674",0.44274,"birdCall"
"1291","908","1129","1371",0.28412,"cloudSign"
"793","11","1586","1694",0.35012,"cupcakePaper"
"3132","1049","914","716",0.31936,"eyeball"
"2003","1543","336","978",0.3286,"pinkCandle"
"1439","1230","1344","1180",0.83895,"redWhistle"
"1748","1019","834","2016",0.25941,"sign"
"1197","1381","1358","424",0.25028,"blueSunglasses"
