"x","y","Width","Height","Score","Label"
"2000","1667","2480","2067",0.33414,"birdCall"
"3820","1947","2200","2040",0.39485,"cloudSign"
"2300","2094","1820","1254",0.44616,"eyeball"
"1260","1640","520","1560",0.30598,"pinkCandle"
"2140","1400","2020","1467",0.47264,"redWhistle"
"2560","667","1320","1280",0.37096,"hairClip"
"1120","2454","620","507",0.53999,"lavenderDie"
