"x","y","Width","Height","Score","Label"
"14","1180","1546","1301",0.44673,"metalKey"
"2568","2006","336","928",0.45326,"pinkCandle"
"1734","1160","1412","1301",0.83398,"redWhistle"
"1990","1341","1492","1694",0.65608,"sign"
"1062","1442","1008","313",0.29415,"blueSunglasses"
"1103","1119","995","1008",0.56824,"hairClip"
"2232","1492","444","646",0.52773,"lavenderDie"
