"x","y","Width","Height","Score","Label"
"2700","1480","1060","1347",0.4526,"eyeball"
"2940","1307","440","1694",0.34926,"pinkCandle"
"1680","1600","3020","1560",0.36937,"redWhistle"
"2300","1320","1820","2267",0.33047,"trophy"
"2280","1934","1820","414",0.27116,"blueSunglasses"
"2440","1480","1560","1414",0.89167,"hairClip"
