"x","y","Width","Height","Score","Label"
"1560","534","2460","2027",0.3301,"birdCall"
"2920","1427","560","1414",0.26252,"pinkCandle"
"1780","1094","1980","1520",0.52081,"redWhistle"
"2500","907","1380","2987",0.28155,"sign"
"2080","1147","1460","1494",0.88599,"hairClip"
"2520","1520","520","640",0.34165,"lavenderDie"
"20","14","3320","2507",0.25546,"yellowBag"
