"x","y","Width","Height","Score","Label"
"1613","474","1707","1835",0.29312,"birdCall"
"14","646","2326","1452",0.29306,"canadaPencil"
"2003","1109","888","968",0.36359,"cloudSign"
"1546","404","1775","1956",0.46408,"pumpkinNotes"
"1707","797","1439","1190",0.28177,"redWhistle"
"1654","555","1573","2148",0.25464,"trophy"
"1801","1150","1277","454",0.30498,"blueSunglasses"
"1882","837","1116","1160",0.55056,"hairClip"
"14","797","2111","2238",0.39898,"yellowBag"
