"x","y","Width","Height","Score","Label"
"520","1334","2800","2680",0.26227,"birdCall"
"1900","920","1780","1307",0.32542,"eyeball"
"3740","2294","600","1414",0.3178,"pinkCandle"
"360","1280","3040","2734",0.37036,"pumpkinNotes"
"880","2134","2000","1627",0.67321,"redWhistle"
"3440","1094","1280","2920",0.47953,"sign"
"980","654","1960","2440",0.3323,"trophy"
"1160","1187","1540","1387",0.26079,"hairClip"
