"x","y","Width","Height","Score","Label"
"1780","987","1120","1640",0.26624,"cloudSign"
"2520","2280","1340","867",0.38592,"eyeball"
"4680","894","480","1400",0.688,"pinkCandle"
"4200","14","1480","3627",0.69006,"sign"
"3980","1094","1820","2054",0.28224,"silverStraw"
"1920","2587","860","240",0.26361,"blueSunglasses"
"1900","1494","860","667",0.56856,"lavenderDie"
"1660","374","3980","2920",0.28917,"yellowBag"
