"x","y","Width","Height","Score","Label"
"1907","1920","1000","2460",0.36592,"cloudSign"
"2627","2160","694","1280",0.41814,"eyeball"
"14","160","1587","4400",0.32493,"pumpkinNotes"
"387","740","1160","2300",0.45654,"redWhistle"
"214","180","1000","5120",0.34786,"sign"
"1894","2900","1054","560",0.34086,"blueSunglasses"
"427","780","1120","2380",0.43504,"hairClip"
"694","20","2894","3460",0.34773,"yellowBag"
