"x","y","Width","Height","Score","Label"
"1049","950","2116","2060",0.31996,"canadaPencil"
"1476","1560","1192","880",0.37908,"cloudSign"
"3627","1200","1725","1670",0.2686,"cupcakePaper"
"1600","2340","1032","670",0.27231,"eyeball"
"1120","1860","1974","1150",0.27565,"metalKey"
"1760","1470","640","1140",0.47185,"pinkCandle"
"2969","130","1298","2880",0.53988,"sign"
"3431","300","1120","950",0.27741,"hairClip"
"18","950","2703","2060",0.35493,"yellowBag"
