"x","y","Width","Height","Score","Label"
"2134","1030","2240","1530",0.30944,"birdCall"
"2223","1040","2827","1500",0.29002,"canadaPencil"
"1192","280","1796","1300",0.33366,"cloudSign"
"2329","710","1014","940",0.33,"eyeball"
"1814","380","640","1150",0.48202,"pinkCandle"
"925","90","1583","1300",0.28893,"redWhistle"
"392","10","1192","2320",0.51899,"sign"
"1476","830","1991","680",0.30224,"blueSunglasses"
"18","1230","2187","1780",0.3123,"yellowBag"
