"x","y","Width","Height","Score","Label"
"2649","690","2703","2210",0.33973,"birdCall"
"18","10","1280","1630",0.30028,"cloudSign"
"3751","1550","534","950",0.30583,"pinkCandle"
"1423","550","2063","1670",0.27818,"pumpkinNotes"
"800","830","1796","1080",0.53765,"redWhistle"
"3894","10","1458","1810",0.54933,"sign"
"1405","1150","1334","470",0.29181,"blueSunglasses"
"3485","1560","1867","1450",0.28566,"yellowBag"
