"x","y","Width","Height","Score","Label"
"1103","11","2111","1764",0.42685,"birdCall"
"1183","898","1922","1875",0.62157,"cloudSign"
"1358","1160","1022","928",0.382,"eyeball"
"1721","1371","310","877",0.28109,"pinkCandle"
"713","11","2352","1946",0.49652,"pumpkinNotes"
"1506","1200","1304","1260",0.3464,"redWhistle"
"1586","605","565","2420",0.34054,"sign"
"874","182","2030","1533",0.30525,"yellowBag"
