"x","y","Width","Height","Score","Label"
"1264","414","1828","1956",0.33022,"birdCall"
"1734","1008","834","1200",0.33998,"cloudSign"
"1600","1523","1008","605",0.42692,"eyeball"
"2030","1371","216","928",0.28837,"pinkCandle"
"1506","1351","1304","918",0.64483,"redWhistle"
"1398","1260","901","252",0.37281,"blueSunglasses"
"1761","1321","767","1039",0.33309,"hairClip"
"1398","938","336","444",0.36303,"lavenderDie"
"1734","1250","874","1160",0.31876,"stickerBox"
