"x","y","Width","Height","Score","Label"
"1156","1049","1398","1079",0.32348,"cloudSign"
"1277","636","1815","1533",0.3881,"cupcakePaper"
"269","1029","861","1200",0.32509,"eyeball"
"1250","172","2379","2420",0.74735,"paperPlate"
"3455","2188","296","847",0.32262,"pinkCandle"
"1008","162","2285","2440",0.63614,"pumpkinNotes"
"619","1351","1358","525",0.32255,"blueSunglasses"
"1748","283","1344","1825",0.40152,"stickerBox"
"14","1210","1963","1825",0.34033,"yellowBag"
