"x","y","Width","Height","Score","Label"
"1546","313","1828","1744",0.37211,"birdCall"
"1775","676","767","595",0.46154,"eyeball"
"552","1452","1425","1190",0.53971,"redWhistle"
"1775","888","780","2148",0.26296,"sign"
"1640","928","1035","484",0.25384,"blueSunglasses"
"1573","1432","1170","1271",0.26829,"hairClip"
"1936","1805","404","494",0.35691,"lavenderDie"
