"x","y","Width","Height","Score","Label"
"1625","1533","1521","1152",0.79541,"eyeball"
"1089","1394","1867","1348",0.28738,"redWhistle"
"1158","841","1798","2005",0.31845,"trophy"
"1832","1855","1124","461",0.39383,"blueSunglasses"
"1400","1510","1262","1222",0.7982,"hairClip"
"1728","1809","588","565",0.44578,"lavenderDie"
"1642","841","3560","2477",0.50909,"yellowBag"
