"x","y","Width","Height","Score","Label"
"1398","477","1492","856",0.2549,"birdCall"
"1869","915","1129","798",0.33359,"cloudSign"
"1210","490","1277","569",0.32401,"eyeball"
"2339","1157","793","628",0.49736,"pinkCandle"
"888","484","820","1379",0.28213,"sign"
"1210","530","1909","1046",0.40205,"trophy"
"968","784","1237","223",0.29526,"blueSunglasses"
"1586","641","1129","869",0.76247,"hairClip"
