"x","y","Width","Height","Score","Label"
"2413","1092","1387","1581",0.27172,"birdCall"
"2704","1571","860","1030",0.34487,"cloudSign"
"2094","1498","874","749",0.27467,"eyeball"
"1512","1321","1456","1134",0.40106,"metalKey"
"1900","1113","1831","1581",0.31773,"partyFavor"
"624","219","1997","2444",0.25296,"pumpkinNotes"
"2330","1852","1581","520",0.51687,"blueSunglasses"
"2802","1436","1207","1384",0.56583,"hairClip"
