"x","y","Width","Height","Score","Label"
"1519","1301","1277","1472",0.50641,"cloudSign"
"2339","2117","780","716",0.31881,"eyeball"
"2205","1230","484","1200",0.29995,"pinkCandle"
"1721","1563","1412","1371",0.30889,"redWhistle"
"242","11","1519","2289",0.5768,"sign"
"1828","2037","1237","424",0.36613,"blueSunglasses"
"2043","1472","793","1170",0.53611,"stickerBox"
"2030","11","2016","2077",0.31719,"yellowBag"
