"x","y","Width","Height","Score","Label"
"471","998","1667","1644",0.39619,"birdCall"
"955","1472","1210","1119",0.61559,"cloudSign"
"699","2047","1197","444",0.39354,"eyeball"
"1344","726","1613","1341",0.48567,"metalKey"
"820","1089","1519","1523",0.40952,"partyFavor"
"2218","373","444","1190",0.47403,"pinkCandle"
"1371","837","995","2198",0.4674,"sign"
"1963","746","2084","2168",0.3859,"yellowBag"
