"x","y","Width","Height","Score","Label"
"834","764","2084","1203",0.38899,"birdCall"
"1613","900","1062","953",0.29847,"cloudSign"
"2232","326","982","469",0.55233,"eyeball"
"1936","1021","404","688",0.34732,"pinkCandle"
"1076","681","2124","1369",0.4656,"pumpkinNotes"
"592","809","1398","794",0.60497,"redWhistle"
"1143","673","928","1603",0.27434,"sign"
"1237","696","1304","1361",0.49568,"stickerBox"
