"x","y","Width","Height","Score","Label"
"178","1136","1506","1315",0.36061,"cloudSign"
"2993","230","1169","648",0.37728,"eyeball"
"762","1554","390","907",0.26875,"pinkCandle"
"3152","150","886","2849",0.38869,"sign"
"3329","787","1293","1226",0.50198,"hairClip"
"1205","847","2497","1913",0.25476,"yellowBag"
