"x","y","Width","Height","Score","Label"
"1341","162","1402","2258",0.39652,"birdCall"
"615","1694","706","1439",0.26371,"cloudSign"
"474","2124","988","1210",0.43177,"metalKey"
"2349","538","263","1519",0.33862,"pinkCandle"
"918","1465","545","2581",0.26701,"sign"
"1543","1116","988","941",0.26741,"blueSunglasses"
"1109","1210","1875","2836",0.31081,"yellowBag"
