"x","y","Width","Height","Score","Label"
"2413","1092","1387","1581",0.27418,"birdCall"
"2704","1550","860","1072",0.34557,"cloudSign"
"2094","1488","874","770",0.2765,"eyeball"
"1498","1311","1470","1155",0.40572,"metalKey"
"1900","1113","1831","1581",0.32358,"partyFavor"
"638","219","1970","2444",0.25301,"pumpkinNotes"
"2330","1852","1581","520",0.51923,"blueSunglasses"
"2802","1446","1221","1363",0.56527,"hairClip"
