"x","y","Width","Height","Score","Label"
"1360","1747","2820","1920",0.41445,"birdCall"
"3320","1800","1500","1747",0.25007,"cloudSign"
"2920","2614","2260","814",0.4374,"eyeball"
"1180","2627","2380","720",0.47983,"blueSunglasses"
"1080","2267","1700","1520",0.67303,"hairClip"
"1560","2640","620","654",0.43974,"lavenderDie"
"3320","2067","1540","1907",0.27625,"stickerBox"
