"x","y","Width","Height","Score","Label"
"1492","1160","1344","1321",0.45023,"birdCall"
"2568","1311","861","636",0.52458,"eyeball"
"269","1704","323","1109",0.25889,"pinkCandle"
"1801","1089","1237","1039",0.83486,"redWhistle"
"14","1160","901","1875",0.43518,"sign"
"1425","1311","1439","605",0.4583,"blueSunglasses"
"1654","1250","1008","1180",0.3471,"hairClip"
"1909","1210","2137","1825",0.25464,"yellowBag"
