"x","y","Width","Height","Score","Label"
"817","1506","1170","1828",0.36059,"birdCall"
"1140","1412","958","2030",0.51458,"cloudSign"
"787","1600","1220","1694",0.29215,"metalKey"
"777","1291","1250","1801",0.43582,"partyFavor"
"1472","1734","283","1412",0.39594,"pinkCandle"
"1321","14","1452","2151",0.3719,"pumpkinNotes"
"756","2420","877","619",0.38673,"blueSunglasses"
"1200","1600","827","1788",0.44634,"hairClip"
"1079","14","1956","2258",0.26281,"yellowBag"
