"x","y","Width","Height","Score","Label"
"1311","1896","1724","2151",0.26726,"canadaPencil"
"1240","1304","797","1654",0.43664,"cloudSign"
"1210","1734","837","888",0.30554,"eyeball"
"1361","2460","1402","1586",0.27148,"metalKey"
"767","1694","2268","2352",0.54538,"noisemaker"
"11","1479","1220","2568",0.44828,"partyFavor"
"353","14","807","1560",0.39494,"hairClip"
"1835","14","1200","3119",0.41101,"yellowBag"
