"x","y","Width","Height","Score","Label"
"726","928","1721","1321",0.32367,"birdCall"
"14","646","1425","1452",0.28574,"cloudSign"
"847","1785","888","545",0.25623,"eyeball"
"14","11","1721","1684",0.42761,"partyFavor"
"1721","807","256","1190",0.42671,"pinkCandle"
"1076","1331","1533","1402",0.41137,"redWhistle"
"2473","111","1103","2531",0.55821,"sign"
"1237","1402","1250","414",0.26772,"blueSunglasses"
