"x","y","Width","Height","Score","Label"
"720","530","1734","1680",0.28158,"birdCall"
"1574","230","1094","1460",0.33221,"cloudSign"
"1360","460","1000","970",0.42222,"eyeball"
"1614","720","2400","2170",0.37371,"noisemaker"
"3040","1510","494","1050",0.2778,"pinkCandle"
"1014","1110","1654","1380",0.68924,"pumpkinNotes"
"1054","1640","1040","1370",0.28804,"sign"
"694","860","2307","1900",0.27636,"yellowBag"
