"x","y","Width","Height","Score","Label"
"1107","10","1520","1290",0.32259,"birdCall"
"1374","10","974","1270",0.37193,"cloudSign"
"1120","1100","1480","650",0.41266,"eyeball"
"747","50","1640","970",0.26193,"metalKey"
"920","760","1867","1670",0.26509,"pumpkinNotes"
"1414","10","1414","1800",0.30702,"sign"
"1320","330","1654","2120",0.4341,"trophy"
"1107","650","1534","1860",0.30227,"yellowBalloon"
"1227","280","1267","520",0.3394,"blueSunglasses"
