"x","y","Width","Height","Score","Label"
"2153","1229","2299","1922",0.63301,"birdCall"
"2536","1435","1551","985",0.2618,"cloudSign"
"2043","1618","1788","718",0.30526,"eyeball"
"1861","633","2116","2116",0.37402,"metalKey"
"1368","937","2280","1581",0.35292,"partyFavor"
"2390","536","256","1277",0.2905,"pinkCandle"
"2135","2262","2372","937",0.44135,"blueSunglasses"
"2919","645","1569","1630",0.66406,"hairClip"
"1715","596","1679","2238",0.3496,"stickerBox"
