"x","y","Width","Height","Score","Label"
"2919","1581","2390","1752",0.31688,"birdCall"
"2955","2043","1496","1618",0.31791,"cloudSign"
"3503","2347","475","1289",0.30475,"pinkCandle"
"2572","2007","2262","1423",0.29678,"redWhistle"
"3120","13","1204","2919",0.27648,"sign"
"3138","2457","1970","511",0.25379,"blueSunglasses"
"3192","1679","1788","1983",0.26807,"stickerBox"
