"x","y","Width","Height","Score","Label"
"1242","547","1863","1701",0.42478,"birdCall"
"1822","1842","1269","1205",0.392,"cloudSign"
"1633","2105","1039","820",0.34292,"eyeball"
"540","1336","1539","1012",0.25911,"metalKey"
"1417","668","338","1063",0.27516,"pinkCandle"
"1093","334","2173","2541",0.62111,"pumpkinNotes"
"1147","810","2024","759",0.39144,"blueSunglasses"
"1417","213","2092","2328",0.2907,"yellowBag"
