"x","y","Width","Height","Score","Label"
"2254","640","1494","1480",0.39545,"birdCall"
"2600","980","760","1220",0.39795,"cloudSign"
"2520","770","974","830",0.33346,"eyeball"
"2280","10","267","730",0.26297,"pinkCandle"
"614","730","1880","1710",0.47546,"pumpkinNotes"
"2587","850","814","2160",0.26071,"sign"
"1800","420","680","200",0.27149,"blueSunglasses"
"2320","670","1360","1090",0.34457,"hairClip"
"854","970","1427","1290",0.47973,"stickerBox"
