"x","y","Width","Height","Score","Label"
"1590","1383","1608","1383",0.35808,"cloudSign"
"4009","1533","1176","657",0.33389,"eyeball"
"2437","1383","2143","1417",0.48701,"metalKey"
"2506","1567","553","1083",0.44165,"pinkCandle"
"2057","1095","1452","2374",0.50599,"sign"
"3958","1844","1245","507",0.33232,"blueSunglasses"
