x,y,Width,Height,Score,Label
49,712,1703,1861,0.62264,birdCall
426,1451,961,1159,0.37903,cloudSign
2238,739,998,666,0.25791,eyeball
2287,730,353,1058,0.36618,pinkCandle
61,940,1679,1788,0.51702,pumpkinNotes
475,694,1338,1122,0.30159,redWhistle
1727,1204,1472,548,0.40362,blueSunglasses
341,1305,1107,1441,0.36443,stickerBox
