x,y,Width,Height,Score,Label
1031,742,1268,2323,0.28151,canadaPencil
1368,985,575,900,0.30839,eyeball
767,268,1004,1253,0.25084,metalKey
2016,1922,730,596,0.34288,blueSunglasses
10,13,1378,1752,0.2702,yellowBag
