x,y,Width,Height,Score,Label
195,384,2019,1706,0.3448,canadaPencil
2311,858,876,1551,0.28944,cloudSign
1897,985,1679,1724,0.37792,pumpkinNotes
450,1040,1448,849,0.43428,blueSunglasses
1095,776,1192,1013,0.48526,hairClip
13,1341,1265,1405,0.28982,stickerBox
