"x","y","Width","Height","Score","Label"
"525","333","2715","1684",0.42595,"canadaPencil"
"2258","585","914","1160",0.25419,"cloudSign"
"2957","938","686","525",0.30348,"eyeball"
"955","525","1828","1321",0.66444,"metalKey"
"1909","928","498","958",0.35491,"pinkCandle"
"1291","121","1721","2520",0.38661,"sign"
"2178","1170","1103","444",0.38188,"blueSunglasses"
"2272","938","928","968",0.46597,"hairClip"
"27","888","2541","2148",0.31834,"yellowBag"
