"x","y","Width","Height","Score","Label"
"2247","2500","1003","692",0.25634,"eyeball"
"1763","1060","519","1095",0.32,"pinkCandle"
"1279","2028","2160","1440",0.27777,"redWhistle"
"1176","104","1746","2950",0.75164,"sign"
"2022","2696","761","242",0.25372,"blueSunglasses"
"1798","2040","1227","1429",0.35798,"hairClip"
"1936","24","3145","2627",0.29267,"yellowBag"
