"x","y","Width","Height","Score","Label"
"934","450","2195","1798",0.35238,"birdCall"
"1314","911","1487","911",0.32283,"eyeball"
"726","1371","2610","2097",0.72884,"pumpkinNotes"
"916","1118","2281","2351",0.25437,"yellowBalloon"
"1020","1406","1314","369",0.27073,"blueSunglasses"
"1348","841","1331","1567",0.27346,"hairClip"
"1279","807","1487","1625",0.42872,"stickerBox"
"951","1187","2178","2281",0.43251,"yellowBag"
