"x","y","Width","Height","Score","Label"
"1636","1520","2436","1490",0.61074,"birdCall"
"1014","1420","1387","810",0.25392,"eyeball"
"1103","520","463","1290",0.25293,"pinkCandle"
"1440","1400","2063","1260",0.29503,"redWhistle"
"1352","10","1494","1950",0.52888,"sign"
"1387","1810","2187","870",0.28699,"blueSunglasses"
