"x","y","Width","Height","Score","Label"
"1492","1281","1291","1492",0.30644,"birdCall"
"1479","1321","1318","1422",0.43995,"cloudSign"
"1291","1533","1197","625",0.33147,"eyeball"
"1627","1170","1640","1331",0.4164,"metalKey"
"1963","1502","363","1089",0.47135,"pinkCandle"
"1667","817","1586","2218",0.29959,"sign"
