"x","y","Width","Height","Score","Label"
"1694","1187","2178","1821",0.43435,"birdCall"
"2333","1510","1642","1625",0.33904,"cloudSign"
"1694","1659","1400","888",0.46418,"eyeball"
"4320","12","605","1268",0.36916,"pinkCandle"
"3854","12","1348","2028",0.4157,"sign"
"1642","1567","2281","1049",0.47396,"blueSunglasses"
"1746","1083","1348","1590",0.38144,"hairClip"
"1504","12","3266","2316",0.48922,"yellowBag"
