"x","y","Width","Height","Score","Label"
"2195","968","1141","1176",0.33408,"cloudSign"
"3681","1694","1141","818",0.32377,"eyeball"
"1970","1049","2351","1590",0.66809,"metalKey"
"2973","957","329","1337",0.25017,"pinkCandle"
"3059","12","2143","2016",0.28391,"pumpkinNotes"
"2022","507","2264","2662",0.28272,"sign"
"2817","1521","1366","669",0.37614,"blueSunglasses"
"1608","841","1625","1590",0.3843,"hairClip"
"2195","1417","2627","2051",0.32277,"yellowBag"
