x,y,Width,Height,Score,Label
718,1250,925,1150,0.33199,cloudSign
706,1432,961,876,0.27427,eyeball
1484,301,1983,1879,0.42021,pumpkinNotes
2080,10,1326,566,0.32208,blueSunglasses
730,1451,888,858,0.62141,hairClip
596,1031,1156,1669,0.30593,stickerBox
