"x","y","Width","Height","Score","Label"
"1556","703","1711","1775",0.39221,"birdCall"
"1867","1291","1089","646",0.45467,"eyeball"
"1504","1233","1780","1176",0.41803,"redWhistle"
"1452","830","1919","2063",0.67478,"trophy"
"1763","1648","1279","392",0.36274,"blueSunglasses"
"1815","1256","1210","1256",0.84879,"hairClip"
"2109","1556","553","600",0.84824,"lavenderDie"
