"x","y","Width","Height","Score","Label"
"363","1885","1855","1150",0.42531,"birdCall"
"1277","817","1775","2027",0.38676,"cupcakePaper"
"1452","2329","861","706",0.32854,"eyeball"
"189","1966","1613","1069",0.36637,"trophy"
"296","1906","1412","1129",0.33657,"hairClip"
"1344","11","2702","1724",0.36265,"yellowBag"
