"x","y","Width","Height","Score","Label"
"1882","676","1707","1875",0.42638,"birdCall"
"1560","11","1775","1351",0.31564,"canadaPencil"
"2648","1200","726","817",0.25635,"eyeball"
"2258","11","404","1281",0.35194,"pinkCandle"
"2057","898","1331","1402",0.75837,"redWhistle"
"2191","11","1089","1704",0.54849,"sign"
"2232","1109","1035","1059",0.56856,"hairClip"
"14","11","2527","2168",0.33482,"yellowBag"
