"x","y","Width","Height","Score","Label"
"955","1502","2406","1512",0.26957,"birdCall"
"2299","696","874","918",0.34308,"cloudSign"
"1694","1573","901","988",0.39765,"eyeball"
"2796","222","1250","1482",0.45783,"metalKey"
"2433","847","578","1089",0.38806,"pinkCandle"
"1022","1633","1654","1250",0.84925,"redWhistle"
"2433","373","592","2440",0.33775,"sign"
"2366","767","1304","817",0.36394,"blueSunglasses"
"2352","736","1694","2198",0.37597,"yellowBag"
