"x","y","Width","Height","Score","Label"
"888","484","1976","1795",0.41391,"birdCall"
"1129","1049","914","1109",0.31365,"cloudSign"
"1250","746","1264","918",0.50581,"eyeball"
"2043","857","216","1059",0.30198,"pinkCandle"
"1156","777","1479","1260",0.26007,"pumpkinNotes"
"1291","908","1170","2127",0.44244,"sign"
"1385","736","955","1371",0.39729,"stickerBox"
