"x","y","Width","Height","Score","Label"
"1156","504","2043","1744",0.38039,"birdCall"
"1990","686","1465","1381",0.40003,"cloudSign"
"1049","585","1076","746",0.45715,"eyeball"
"874","867","1963","1512",0.42889,"metalKey"
"1304","484","552","968",0.47304,"pinkCandle"
"1129","686","1506","1472",0.32122,"trophy"
"834","1543","1492","585",0.43105,"blueSunglasses"
"2218","877","982","1089",0.3549,"hairClip"
"2016","1109","2030","1875",0.38793,"yellowBag"
