"x","y","Width","Height","Score","Label"
"1506","1230","1291","1613",0.28787,"birdCall"
"1936","1281","968","676",0.28532,"eyeball"
"1049","252","1667","1845",0.30188,"metalKey"
"1909","1714","498","1119",0.29134,"pinkCandle"
"1439","1019","1412","756",0.48097,"blueSunglasses"
"1076","474","1035","1049",0.81155,"hairClip"
"14","1129","2232","1906",0.29046,"yellowBag"
