"x","y","Width","Height","Score","Label"
"1089","14","1059","1761",0.39196,"birdCall"
"1089","565","625","1358",0.38122,"cloudSign"
"1533","283","605","914",0.29549,"eyeball"
"1220","14","1220","1613",0.5163,"metalKey"
"1644","1264","817","2783",0.73037,"sign"
"1250","1546","1583","2500",0.40248,"silverStraw"
"928","363","1381","1277",0.55331,"blueSunglasses"
"968","242","867","1627",0.67796,"hairClip"
"767","1264","1694","2783",0.29822,"yellowBag"
