"x","y","Width","Height","Score","Label"
"1519","857","1264","676",0.43523,"eyeball"
"1667","1049","1560","1129",0.31101,"metalKey"
"646","394","1869","1976",0.34301,"pumpkinNotes"
"1694","464","1533","2289",0.42158,"sign"
"2178","817","1869","1160",0.40026,"silverStraw"
"1224","1190","1291","394",0.27796,"blueSunglasses"
"632","777","1304","1694",0.47479,"stickerBox"
"2084","938","1963","2097",0.38058,"yellowBag"
