"x","y","Width","Height","Score","Label"
"1103","477","1560","850",0.31878,"birdCall"
"914","582","1344","896",0.37976,"cloudSign"
"1103","758","968","301",0.33691,"eyeball"
"753","334","1627","896",0.35161,"partyFavor"
"1439","752","310","569",0.27174,"pinkCandle"
"2124","386","1922","1294",0.32665,"pumpkinNotes"
"646","438","1318","1529",0.36175,"sign"
"14","582","1815","1203",0.53118,"silverStraw"
"1049","523","1116","798",0.44528,"hairClip"
