"x","y","Width","Height","Score","Label"
"780","81","1627","1311",0.32002,"birdCall"
"2836","938","1210","1331",0.36937,"cloudSign"
"14","837","1640","1573",0.26719,"cupcakePaper"
"1734","51","820","595",0.31629,"eyeball"
"2568","736","1479","1311",0.36947,"metalKey"
"3401","918","431","968",0.25258,"pinkCandle"
"3119","11","928","2299",0.57637,"sign"
"1707","1059","2030","1976",0.33613,"yellowBag"
