"x","y","Width","Height","Score","Label"
"2675","877","1304","1039",0.26434,"birdCall"
"2326","968","1385","1250",0.51224,"cloudSign"
"2904","1019","807","827",0.27611,"eyeball"
"2702","1059","1210","1109",0.30344,"metalKey"
"2111","484","1828","1825",0.2506,"pumpkinNotes"
"2621","666","847","2369",0.34202,"sign"
"14","11","2164","1099",0.3112,"silverStraw"
"350","585","3038","2450",0.41895,"yellowBag"
