"x","y","Width","Height","Score","Label"
"2016","908","1465","1402",0.25961,"birdCall"
"2339","1190","1385","1250",0.26918,"cloudSign"
"2084","1019","1855","1664",0.47541,"partyFavor"
"2756","1170","525","928",0.30481,"pinkCandle"
"3011","222","605","2742",0.27732,"sign"
"2003","1442","1452","807",0.35105,"blueSunglasses"
"2460","998","1116","1281",0.26535,"hairClip"
