"x","y","Width","Height","Score","Label"
"323","121","1949","1664",0.43309,"birdCall"
"1250","988","1761","1674",0.32595,"cloudSign"
"1264","1724","1761","1311",0.50205,"partyFavor"
"3293","767","605","1271",0.30385,"pinkCandle"
"538","242","1452","978",0.26796,"redWhistle"
"1600","515","1103","2520",0.66503,"sign"
"1008","696","1156","525",0.30524,"blueSunglasses"
"1076","444","1008","1099",0.37161,"hairClip"
