"x","y","Width","Height","Score","Label"
"928","1724","1896","1311",0.39508,"birdCall"
"1734","2168","834","867",0.47075,"cloudSign"
"2124","11","1291","847",0.25532,"eyeball"
"1008","1966","1721","1069",0.33262,"metalKey"
"780","1442","1586","1593",0.38002,"partyFavor"
"1062","1402","471","1260",0.38913,"pinkCandle"
"1680","81","941","2591",0.5575,"sign"
"3428","1412","310","363",0.25681,"lavenderDie"
"2084","1069","1963","1926",0.33937,"yellowBag"
