"x","y","Width","Height","Score","Label"
"1190","1721","1291","1976",0.33469,"birdCall"
"1361","1882","928","1667",0.44735,"cloudSign"
"1472","1990","1160","1465",0.36182,"metalKey"
"1402","888","1291","2581",0.402,"partyFavor"
"1543","14","1442","3092",0.30691,"pumpkinNotes"
"1694","471","1341","2218",0.74308,"redWhistle"
"1301","2272","1069","901",0.48558,"blueSunglasses"
"1210","1936","817","1654",0.26339,"hairClip"
